peptide,isoforms,total_peptide_abundance,abundances,fractional_abundances,primary_peptide_isoform,primary_peptide_isoform_abundance,primary_peptide_isoform_fractional_abundance,genes,peptide_maps_to_one_gene,primary_peptide_isoform_gene,number_of_isoforms_peptide_maps_to,is_major_gene_isoform
AEGYWEELMDTTRPDIEVK,PB.131.1,14.24,14.24,1,PB.131.1,14.24,1,FBXO44,TRUE,FBXO44,1,FALSE
AGAAGVMEGK,PB.3196.15,47.47,47.47,1,PB.3196.15,47.47,1,PCNP,TRUE,PCNP,1,FALSE
AIEENNNFSK,PB.276.1,633.35,633.35,1,PB.276.1,633.35,1,STMN1,TRUE,STMN1,1,TRUE
APAALTPPEPPSAEP,PB.131.3,31.87,31.87,1,PB.131.3,31.87,1,FBXO44,TRUE,FBXO44,1,TRUE
APLPLGHIK,PB.9965.4,105.44,105.44,1,PB.9965.4,105.44,1,LTA4H,TRUE,LTA4H,1,TRUE
AQQLDVQFYQLK,PB.12137.2,49.84,49.84,1,PB.12137.2,49.84,1,MARVELD3,TRUE,MARVELD3,1,TRUE
DGGYRPAEDK,PB.15520.5,25.09,25.09,1,PB.15520.5,25.09,1,ZBED1,TRUE,ZBED1,1,FALSE
DMFDLDNVR,PB.7773.14,15.26,15.26,1,PB.7773.14,15.26,1,MIGA2,TRUE,MIGA2,1,FALSE
DPADETEAD,PB.276.1,633.35,633.35,1,PB.276.1,633.35,1,STMN1,TRUE,STMN1,1,TRUE
DTYSPDEHFWVTLNR,PB.5084.7,42.04,42.04,1,PB.5084.7,42.04,1,GCNT2,TRUE,GCNT2,1,TRUE
DVHDALVQIISK,PB.4323.3,46.79,46.79,1,PB.4323.3,46.79,1,MTRR,TRUE,MTRR,1,TRUE
DVLGVAAGEAAAGK,PB.3196.1,200.04,200.04,1,PB.3196.1,200.04,1,PCNP,TRUE,PCNP,1,TRUE
DYTGAQSYMHS,PB.1192.3,27.46,27.46,1,PB.1192.3,27.46,1,MPZL1,TRUE,MPZL1,1,FALSE
EAFATAFSK,PB.15520.5,25.09,25.09,1,PB.15520.5,25.09,1,ZBED1,TRUE,ZBED1,1,FALSE
EKPAEMFEF,PB.12137.2,49.84,49.84,1,PB.12137.2,49.84,1,MARVELD3,TRUE,MARVELD3,1,TRUE
ELYTQNGILHMLDR,PB.38.2,337.36,337.36,1,PB.38.2,337.36,1,SSU72,TRUE,SSU72,1,TRUE
ENGPLGELQ,PB.7773.14,15.26,15.26,1,PB.7773.14,15.26,1,MIGA2,TRUE,MIGA2,1,FALSE
EQPGSYSDAPEYLWSGTL,PB.12137.1,19.66,19.66,1,PB.12137.1,19.66,1,MARVELD3,TRUE,MARVELD3,1,FALSE
ESGLLGYQVQASPVR,PB.1092.3,14.24,14.24,1,PB.1092.3,14.24,1,KHDC4,TRUE,KHDC4,1,FALSE
ESGMALPQESLFLT,PB.14350.6,18.31,18.31,1,PB.14350.6,18.31,1,ZNF480,TRUE,ZNF480,1,FALSE
ESNFPGFLNG,PB.715.12,30.51,30.51,1,PB.715.12,30.51,1,RBMXL1,TRUE,RBMXL1,1,TRUE
EVSHTFSNYPPGVR,PB.131.1,14.24,14.24,1,PB.131.1,14.24,1,FBXO44,TRUE,FBXO44,1,FALSE
FVNQINTAVPLPAASSTSLR,PB.1092.2,21.7,21.7,1,PB.1092.2,21.7,1,KHDC4,TRUE,KHDC4,1,FALSE
GFLSLQYMIR,PB.4381.5,70.86,70.86,1,PB.4381.5,70.86,1,RAD1,TRUE,RAD1,1,TRUE
GGFLEPAGPHA,PB.15520.6,59.67,59.67,1,PB.15520.6,59.67,1,ZBED1,TRUE,ZBED1,1,TRUE
GGQPQQAHEPSDHWGLR,PB.15135.20,672.68,672.68,1,PB.15135.20,672.68,1,SLC25A1,TRUE,SLC25A1,1,TRUE
HLLHSVNQR,PB.10680.1,165.46,165.46,1,PB.10680.1,165.46,1,KLHDC2,TRUE,KLHDC2,1,TRUE
HVYGNGYSK,PB.9324.2,37.3,37.3,1,PB.9324.2,37.3,1,NECTIN1,TRUE,NECTIN1,1,TRUE
IFLLEDDIHVS,PB.1279.6,15.6,15.6,1,PB.1279.6,15.6,1,TSEN15,TRUE,TSEN15,1,FALSE
IFPVPEEPPVK,PB.15520.5,25.09,25.09,1,PB.15520.5,25.09,1,ZBED1,TRUE,ZBED1,1,FALSE
IFPYTMISVP,PB.78.4,24.07,24.07,1,PB.78.4,24.07,1,ICMT,TRUE,ICMT,1,FALSE
IPGVPGSMPNASWTGNLR,PB.5084.1,35.6,35.6,1,PB.5084.1,35.6,1,GCNT2,TRUE,GCNT2,1,FALSE
ITAEETGTQSVK,PB.6209.4,20,20,1,PB.6209.4,20,1,RHBDD2,TRUE,RHBDD2,1,FALSE
IVHGLVPVPPMAVGVVR,PB.38.5,100.36,100.36,1,PB.38.5,100.36,1,SSU72,TRUE,SSU72,1,FALSE
LALFPLLPK,PB.15520.5,25.09,25.09,1,PB.15520.5,25.09,1,ZBED1,TRUE,ZBED1,1,FALSE
LAPAHVDEQVFLYENAR,PB.15520.5,25.09,25.09,1,PB.15520.5,25.09,1,ZBED1,TRUE,ZBED1,1,FALSE
LDPFADGNSFPLFYK,PB.2461.9,35.94,35.94,1,PB.2461.9,35.94,1,SF3B1,TRUE,SF3B1,1,FALSE
LDQTFPFSLMR,PB.6209.3,73.91,73.91,1,PB.6209.3,73.91,1,RHBDD2,TRUE,RHBDD2,1,TRUE
LEDHHRPTWLS,PB.9342.4,34.24,34.24,1,PB.9342.4,34.24,1,TBRG1,TRUE,TBRG1,1,TRUE
LEGWEVFAKPK,PB.13552.5,18.31,18.31,1,PB.13552.5,18.31,1,NDUFA11,TRUE,NDUFA11,1,FALSE
LFGSAANVVSAK,PB.15520.5,25.09,25.09,1,PB.15520.5,25.09,1,ZBED1,TRUE,ZBED1,1,FALSE
LISNFLFSNPPPTQTSVR,PB.2278.2,92.22,92.22,1,PB.2278.2,92.22,1,UBXN4,TRUE,UBXN4,1,TRUE
LKPESSQQPGQDALAVK,PB.15520.5,25.09,25.09,1,PB.15520.5,25.09,1,ZBED1,TRUE,ZBED1,1,FALSE
LPFLSAFER,PB.15520.5,25.09,25.09,1,PB.15520.5,25.09,1,ZBED1,TRUE,ZBED1,1,FALSE
LPGLGDQSLPWR,PB.7773.7,16.61,16.61,1,PB.7773.7,16.61,1,MIGA2,TRUE,MIGA2,1,TRUE
LPTSQQSLQR,PB.3196.15,47.47,47.47,1,PB.3196.15,47.47,1,PCNP,TRUE,PCNP,1,FALSE
LTDGFMLPDPQNISLR,PB.1279.1,45.43,45.43,1,PB.1279.1,45.43,1,TSEN15,TRUE,TSEN15,1,TRUE
LTMVPPNIAELK,PB.7974.1,114.26,114.26,1,PB.7974.1,114.26,1,RSU1,TRUE,RSU1,1,TRUE
LTNSAEVAK,PB.7962.2,47.81,47.81,1,PB.7962.2,47.81,1,HSPA14,TRUE,HSPA14,1,TRUE
LVEYFQQSAVAMYMLYEK,PB.15520.5,25.09,25.09,1,PB.15520.5,25.09,1,ZBED1,TRUE,ZBED1,1,FALSE
MAAALHSIQVGGR,PB.9965.2,25.43,25.43,1,PB.9965.2,25.43,1,LTA4H,TRUE,LTA4H,1,FALSE
MVPPNIAELK,PB.7974.3,32.89,32.89,1,PB.7974.3,32.89,1,RSU1,TRUE,RSU1,1,FALSE
NASSEEIQR,PB.8894.4,88.15,88.15,1,PB.8894.4,88.15,1,NXF1,TRUE,NXF1,1,TRUE
NGLYIYIYLPSFWLIYEI,PB.2278.3,23.39,23.39,1,PB.2278.3,23.39,1,UBXN4,TRUE,UBXN4,1,FALSE
NWDQEDEAEEGK,PB.15458.1,14.24,14.24,1,PB.15458.1,14.24,1,NUP50,TRUE,NUP50,1,FALSE
NWQATMEGGVR,PB.6209.4,20,20,1,PB.6209.4,20,1,RHBDD2,TRUE,RHBDD2,1,FALSE
QAGEGLLDAR,PB.15135.8,18.31,18.31,1,PB.15135.8,18.31,1,SLC25A1,TRUE,SLC25A1,1,FALSE
QLDQQYTILR,PB.12137.1,19.66,19.66,1,PB.12137.1,19.66,1,MARVELD3,TRUE,MARVELD3,1,FALSE
QLGVSFHLHLSELELFPDER,PB.14350.5,107.48,107.48,1,PB.14350.5,107.48,1,ZNF480,TRUE,ZNF480,1,TRUE
QNLLAPQNAVSSEETNDFK,PB.3975.1,91.88,91.88,1,PB.3975.1,91.88,1,SPP1,TRUE,SPP1,1,TRUE
QNLLAPQTLPSK,PB.3975.2,53.91,53.91,1,PB.3975.2,53.91,1,SPP1,TRUE,SPP1,1,FALSE
QPEVPALEASAPLGK,PB.4961.3,87.81,87.81,1,PB.4961.3,87.81,1,KIAA1191,TRUE,KIAA1191,1,TRUE
QQAADLISR,PB.2461.2,326.51,326.51,1,PB.2461.2,326.51,1,SF3B1,TRUE,SF3B1,1,TRUE
QQMPFWMAP,PB.1092.8,53.57,53.57,1,PB.1092.8,53.57,1,KHDC4,TRUE,KHDC4,1,TRUE
QVAEMLSASR,PB.15520.5,25.09,25.09,1,PB.15520.5,25.09,1,ZBED1,TRUE,ZBED1,1,FALSE
RPYFTVDEAEAR,PB.9324.2,37.3,37.3,1,PB.9324.2,37.3,1,NECTIN1,TRUE,NECTIN1,1,TRUE
SDTHTLVTSGVYAWFR,PB.78.2,172.92,172.92,1,PB.78.2,172.92,1,ICMT,TRUE,ICMT,1,TRUE
SEGAGESGK,PB.3019.2,37.97,37.97,1,PB.3019.2,37.97,1,GNAI2,TRUE,GNAI2,1,TRUE
SEWPPPHPHPPPSLAE,PB.13552.6,26.45,26.45,1,PB.13552.6,26.45,1,NDUFA11,TRUE,NDUFA11,1,TRUE
SGPFAPVLSATPEQPVLDLK,PB.13918.6,18.31,18.31,1,PB.13918.6,18.31,1,UQCRFS1,TRUE,UQCRFS1,1,FALSE
SGPFAPVLSATSR,PB.13918.1,221.06,221.06,1,PB.13918.1,221.06,1,UQCRFS1,TRUE,UQCRFS1,1,TRUE
SLESSQTDLK,PB.15520.5,25.09,25.09,1,PB.15520.5,25.09,1,ZBED1,TRUE,ZBED1,1,FALSE
SLQGAPLLPGAPV,PB.7773.7,16.61,16.61,1,PB.7773.7,16.61,1,MIGA2,TRUE,MIGA2,1,TRUE
SPESQVIGENTK,PB.666.8,96.97,96.97,1,PB.666.8,96.97,1,ZRANB2,TRUE,ZRANB2,1,TRUE
SPSDTEGLVK,PB.1192.1,198.68,198.68,1,PB.1192.1,198.68,1,MPZL1,TRUE,MPZL1,1,TRUE
SPSQGSPIQSSD,PB.9342.2,15.94,15.94,1,PB.9342.2,15.94,1,TBRG1,TRUE,TBRG1,1,FALSE
SSSGSSHSGSR,PB.666.9,95.95,95.95,1,PB.666.9,95.95,1,ZRANB2,TRUE,ZRANB2,1,FALSE
SWGASEHGLGWANLR,PB.15113.12,17.63,17.63,1,PB.15113.12,17.63,1,PRMT2,TRUE,PRMT2,1,FALSE
TFEVPEENTAETITR,PB.15520.5,25.09,25.09,1,PB.15520.5,25.09,1,ZBED1,TRUE,ZBED1,1,FALSE
TIELMISNGTSSVIVSR,PB.4937.4,78.32,78.32,1,PB.4937.4,78.32,1,FBXW11,TRUE,FBXW11,1,TRUE
TIELMNTSVMEDQNEDESPK,PB.4937.2,54.59,54.59,1,PB.4937.2,54.59,1,FBXW11,TRUE,FBXW11,1,FALSE
TVQISDLETLR,PB.15113.1,81.03,81.03,1,PB.15113.1,81.03,1,PRMT2,TRUE,PRMT2,1,TRUE
VAFGSLAANGPTTLVDK,PB.15458.2,148.5,148.5,1,PB.15458.2,148.5,1,NUP50,TRUE,NUP50,1,TRUE
VEQATKPSFER,PB.715.13,26.45,26.45,1,PB.715.13,26.45,1,RBMXL1,TRUE,RBMXL1,1,FALSE
VFGATTNYGK,PB.15520.5,25.09,25.09,1,PB.15520.5,25.09,1,ZBED1,TRUE,ZBED1,1,FALSE
VFSYNSNFAR,PB.14350.5,107.48,107.48,1,PB.14350.5,107.48,1,ZNF480,TRUE,ZNF480,1,TRUE
VLGLNEDPLK,PB.15520.5,25.09,25.09,1,PB.15520.5,25.09,1,ZBED1,TRUE,ZBED1,1,FALSE
VLYEVFIEWGISAK,PB.15520.5,25.09,25.09,1,PB.15520.5,25.09,1,ZBED1,TRUE,ZBED1,1,FALSE
VPAQPAAEQR,PB.6626.7,65.78,65.78,1,PB.6626.7,65.78,1,REPIN1,TRUE,REPIN1,1,FALSE
VPAQPAAEVR,PB.6626.5,120.36,120.36,1,PB.6626.5,120.36,1,REPIN1,TRUE,REPIN1,1,TRUE
VSVIQNTPTFAMGGR,PB.4323.7,31.19,31.19,1,PB.4323.7,31.19,1,MTRR,TRUE,MTRR,1,FALSE
VSWWGSTLAMLQR,PB.15520.5,25.09,25.09,1,PB.15520.5,25.09,1,ZBED1,TRUE,ZBED1,1,FALSE
VTNSSITIGPPLP,PB.131.1,14.24,14.24,1,PB.131.1,14.24,1,FBXO44,TRUE,FBXO44,1,FALSE
WEDAIPLALK,PB.9965.4,105.44,105.44,1,PB.9965.4,105.44,1,LTA4H,TRUE,LTA4H,1,TRUE
YTSLPALADDILQLSR,PB.7773.14,15.26,15.26,1,PB.7773.14,15.26,1,MIGA2,TRUE,MIGA2,1,FALSE
YVSGSSAER,PB.6209.3,73.91,73.91,1,PB.6209.3,73.91,1,RHBDD2,TRUE,RHBDD2,1,TRUE
AALGGSGNISTSPFWSR,PB.9357.1,20.68,20.68,1,PB.9357.1,20.68,1,CHEK1,TRUE,CHEK1,1,FALSE
AETQAEPPSVGP,PB.12098.1,104.43,104.43,1,PB.12098.1,104.43,1,COG8,TRUE,COG8,1,TRUE
AGGSPAPGPETPAISPSK,PB.11209.4,23.06,23.06,1,PB.11209.4,23.06,1,DUT,TRUE,DUT,1,FALSE
AIEQADLLQEEAETPR,PB.15564.1,63.06,63.06,1,PB.15564.1,63.06,1,AP1S2,TRUE,AP1S2,1,TRUE
AIEQADLLQEK,PB.15564.9,38.99,38.99,1,PB.15564.9,38.99,1,AP1S2,TRUE,AP1S2,1,FALSE
AIEQADLLQEPR,PB.15564.20,61.03,61.03,1,PB.15564.20,61.03,1,AP1S2,TRUE,AP1S2,1,FALSE
AIPPHPYPLER,PB.4834.1,44.08,44.08,1,PB.4834.1,44.08,1,DELE1,TRUE,DELE1,1,TRUE
APEELLPETPSL,PB.703.4,39.33,39.33,1,PB.703.4,39.33,1,C1orf52,TRUE,C1orf52,1,FALSE
AVLLYGAGAR,PB.9357.1,20.68,20.68,1,PB.9357.1,20.68,1,CHEK1,TRUE,CHEK1,1,FALSE
CGPWTWLLSNYP,PB.7962.4,18.99,18.99,1,PB.7962.4,18.99,1,HSPA14,TRUE,HSPA14,1,FALSE
CLQVLFPPAQIAQTLGK,PB.12098.35,15.94,15.94,1,PB.12098.35,15.94,1,COG8,TRUE,COG8,1,FALSE
CPALEELDLTACR,PB.8377.3,23.73,23.73,1,PB.8377.3,23.73,1,FBXL15,TRUE,FBXL15,1,TRUE
CSVESWQCPLWK,PB.9357.1,20.68,20.68,1,PB.9357.1,20.68,1,CHEK1,TRUE,CHEK1,1,FALSE
CVQANAFIQGL,PB.4381.2,18.31,18.31,1,PB.4381.2,18.31,1,RAD1,TRUE,RAD1,1,FALSE
DSSEHSLEK,PB.13338.4,17.97,17.97,1,PB.13338.4,17.97,1,C18orf54,TRUE,C18orf54,1,TRUE
DSYDSYATHNE,PB.13447.9,91.2,91.2,1,PB.13447.9,91.2,1,CIRBP,TRUE,CIRBP,1,TRUE
DWFAARPDCGSK,PB.131.1,14.24,14.24,1,PB.131.1,14.24,1,FBXO44,TRUE,FBXO44,1,FALSE
DYTGCSTSESLSPVK,PB.1192.1,198.68,198.68,1,PB.1192.1,198.68,1,MPZL1,TRUE,MPZL1,1,TRUE
EAACISPVHPK,PB.4961.12,17.63,17.63,1,PB.4961.12,17.63,1,KIAA1191,TRUE,KIAA1191,1,FALSE
EGGPPGLHAT,PB.11487.8,32.21,32.21,1,PB.11487.8,32.21,1,AEN,TRUE,AEN,1,FALSE
EGNIQYLFLEYCSGGELFDR,PB.9357.6,61.71,61.71,1,PB.9357.6,61.71,1,CHEK1,TRUE,CHEK1,1,TRUE
EGVIEAGAFQGGQR,PB.4182.2,36.96,36.96,1,PB.4182.2,36.96,1,ARFIP1,TRUE,ARFIP1,1,TRUE
ELAEATWCGISTDMWR,PB.15520.5,25.09,25.09,1,PB.15520.5,25.09,1,ZBED1,TRUE,ZBED1,1,FALSE
ENLLVEDSLMIECSAR,PB.7962.2,47.81,47.81,1,PB.7962.2,47.81,1,HSPA14,TRUE,HSPA14,1,TRUE
ETALATACWSVLK,PB.7773.14,15.26,15.26,1,PB.7773.14,15.26,1,MIGA2,TRUE,MIGA2,1,FALSE
GAAVLGQDHLR,PB.2724.1,15.26,15.26,1,PB.2724.1,15.26,1,ARL8B,TRUE,ARL8B,1,FALSE
GASTVGAAGWK,PB.11209.4,23.06,23.06,1,PB.11209.4,23.06,1,DUT,TRUE,DUT,1,FALSE
GGSNLIPLEGHEHDFR,PB.13047.16,17.63,17.63,1,PB.13047.16,17.63,1,EXOC7,TRUE,EXOC7,1,FALSE
GGSNLIPLEGR,PB.13047.17,22.38,22.38,1,PB.13047.17,22.38,1,EXOC7,TRUE,EXOC7,1,TRUE
GQILGSDSEGK,PB.8377.2,18.99,18.99,1,PB.8377.2,18.99,1,FBXL15,TRUE,FBXL15,1,FALSE
GVNAIVYMIDAADR,PB.2724.6,33.57,33.57,1,PB.2724.6,33.57,1,ARL8B,TRUE,ARL8B,1,TRUE
HEYFNVPVY,PB.15564.20,61.03,61.03,1,PB.15564.20,61.03,1,AP1S2,TRUE,AP1S2,1,FALSE
HGGCLLQESR,PB.7779.1,14.92,14.92,1,PB.7779.1,14.92,1,ASB6,TRUE,ASB6,1,FALSE
HGWPEDIWER,PB.6813.1,22.38,22.38,1,PB.6813.1,22.38,1,CCDC25,TRUE,CCDC25,1,FALSE
HSEGQDTGTR,PB.9357.1,20.68,20.68,1,PB.9357.1,20.68,1,CHEK1,TRUE,CHEK1,1,FALSE
HTPGDQDCDELGR,PB.12095.3,111.89,111.89,1,PB.12095.3,111.89,1,CHTF8,TRUE,CHTF8,1,FALSE
IIHLEKPFAVLVK,PB.12095.3,111.89,111.89,1,PB.12095.3,111.89,1,CHTF8,TRUE,CHTF8,1,FALSE
IWDIGGQPR,PB.2724.6,33.57,33.57,1,PB.2724.6,33.57,1,ARL8B,TRUE,ARL8B,1,TRUE
LAQQGSDLIVPAGGQR,PB.4182.4,15.6,15.6,1,PB.4182.4,15.6,1,ARFIP1,TRUE,ARFIP1,1,FALSE
LCSHPGCTEDESHADLLR,PB.7779.2,38.65,38.65,1,PB.7779.2,38.65,1,ASB6,TRUE,ASB6,1,TRUE
LEPAGPACPEGGR,PB.12098.1,104.43,104.43,1,PB.12098.1,104.43,1,COG8,TRUE,COG8,1,TRUE
LLPEGEETLESDDEK,PB.703.2,40.01,40.01,1,PB.703.2,40.01,1,C1orf52,TRUE,C1orf52,1,TRUE
LPHASSTGNLGLLCR,PB.4834.1,44.08,44.08,1,PB.4834.1,44.08,1,DELE1,TRUE,DELE1,1,TRUE
LQEQHPDGNFGAMWLFFGCR,PB.4323.3,46.79,46.79,1,PB.4323.3,46.79,1,MTRR,TRUE,MTRR,1,TRUE
LSLAHCDWVDGLALR,PB.8377.3,23.73,23.73,1,PB.8377.3,23.73,1,FBXL15,TRUE,FBXL15,1,TRUE
LSLEAVICFK,PB.10680.1,165.46,165.46,1,PB.10680.1,165.46,1,KLHDC2,TRUE,KLHDC2,1,TRUE
LVEVQWEQQEAR,PB.11487.6,257,257,1,PB.11487.6,257,1,AEN,TRUE,AEN,1,TRUE
LVRPEGHQQQHHHR,PB.131.3,31.87,31.87,1,PB.131.3,31.87,1,FBXO44,TRUE,FBXO44,1,TRUE
MGCTVSAEDK,PB.3019.4,29.16,29.16,1,PB.3019.4,29.16,1,GNAI2,TRUE,GNAI2,1,FALSE
MLDCCLFSD,PB.4937.5,29.5,29.5,1,PB.4937.5,29.5,1,FBXW11,TRUE,FBXW11,1,FALSE
MLNHENVVK,PB.9357.6,61.71,61.71,1,PB.9357.6,61.71,1,CHEK1,TRUE,CHEK1,1,TRUE
MLQYCLQGLFHPAR,PB.2461.2,326.51,326.51,1,PB.2461.2,326.51,1,SF3B1,TRUE,SF3B1,1,TRUE
MNNVNVVYTPWSNLK,PB.6813.5,49.5,49.5,1,PB.6813.5,49.5,1,CCDC25,TRUE,CCDC25,1,TRUE
MPCSEETPAISPSK,PB.11209.14,27.8,27.8,1,PB.11209.14,27.8,1,DUT,TRUE,DUT,1,TRUE
NAELCEIPPTSDTK,PB.2278.2,92.22,92.22,1,PB.2278.2,92.22,1,UBXN4,TRUE,UBXN4,1,TRUE
NHPEEFCEFVK,PB.15520.5,25.09,25.09,1,PB.15520.5,25.09,1,ZBED1,TRUE,ZBED1,1,FALSE
NLDNAVLIGWLYSAL,PB.12346.5,18.65,18.65,1,PB.12346.5,18.65,1,DHX33,TRUE,DHX33,1,FALSE
NMTLVAEVR,PB.12346.3,61.71,61.71,1,PB.12346.3,61.71,1,DHX33,TRUE,DHX33,1,TRUE
NPHFQGPYTSMGDK,PB.13338.1,13.9,13.9,1,PB.13338.1,13.9,1,C18orf54,TRUE,C18orf54,1,FALSE
NSGQGCIGG,PB.8377.2,18.99,18.99,1,PB.8377.2,18.99,1,FBXL15,TRUE,FBXL15,1,FALSE
QDINLCNGQINFISITGR,PB.276.3,16.61,16.61,1,PB.276.3,16.61,1,STMN1,TRUE,STMN1,1,FALSE
QITWLSVTGLLMVVFGECLR,PB.78.2,172.92,172.92,1,PB.78.2,172.92,1,ICMT,TRUE,ICMT,1,TRUE
QLESYPPPLK,PB.7779.2,38.65,38.65,1,PB.7779.2,38.65,1,ASB6,TRUE,ASB6,1,TRUE
QLLSCFQNAFIASK,PB.5084.7,42.04,42.04,1,PB.5084.7,42.04,1,GCNT2,TRUE,GCNT2,1,TRUE
QNCSYTVIITYASDWK,PB.276.3,16.61,16.61,1,PB.276.3,16.61,1,STMN1,TRUE,STMN1,1,FALSE
QQNVAHCMLVSNR,PB.15520.5,25.09,25.09,1,PB.15520.5,25.09,1,ZBED1,TRUE,ZBED1,1,FALSE
RPASLGCGGWLLPGR,PB.13447.2,23.73,23.73,1,PB.13447.2,23.73,1,CIRBP,TRUE,CIRBP,1,FALSE
RPRPGLASGVK,PB.13447.2,23.73,23.73,1,PB.13447.2,23.73,1,CIRBP,TRUE,CIRBP,1,FALSE
SAAFGFLQWWAK,PB.9357.1,20.68,20.68,1,PB.9357.1,20.68,1,CHEK1,TRUE,CHEK1,1,FALSE
SAGLQGSNPTIFPR,PB.12095.7,117.31,117.31,1,PB.12095.7,117.31,1,CHTF8,TRUE,CHTF8,1,TRUE
SASWVWLLPPAGVRPCR,PB.2724.1,15.26,15.26,1,PB.2724.1,15.26,1,ARL8B,TRUE,ARL8B,1,FALSE
SDLYSSCDR,PB.715.13,26.45,26.45,1,PB.715.13,26.45,1,RBMXL1,TRUE,RBMXL1,1,FALSE
SEACLQFSQICILSVK,PB.2278.3,23.39,23.39,1,PB.2278.3,23.39,1,UBXN4,TRUE,UBXN4,1,FALSE
SGFLGTNPAPR,PB.12095.7,117.31,117.31,1,PB.12095.7,117.31,1,CHTF8,TRUE,CHTF8,1,TRUE
SGQVEVNITAFCQLIYPGK,PB.9324.11,14.24,14.24,1,PB.9324.11,14.24,1,NECTIN1,TRUE,NECTIN1,1,FALSE
SHSEGATLLWPAVGAR,PB.13447.2,23.73,23.73,1,PB.13447.2,23.73,1,CIRBP,TRUE,CIRBP,1,FALSE
SLQPGSLPDCK,PB.9357.1,20.68,20.68,1,PB.9357.1,20.68,1,CHEK1,TRUE,CHEK1,1,FALSE
SLWTCPEDR,PB.11487.6,257,257,1,PB.11487.6,257,1,AEN,TRUE,AEN,1,TRUE
SSVLPSVLAPGR,PB.2724.1,15.26,15.26,1,PB.2724.1,15.26,1,ARL8B,TRUE,ARL8B,1,FALSE
SVLEEIGLT,PB.15564.1,63.06,63.06,1,PB.15564.1,63.06,1,AP1S2,TRUE,AP1S2,1,TRUE
SVVACVSPPGDLHPLGG,PB.8894.2,19.66,19.66,1,PB.8894.2,19.66,1,NXF1,TRUE,NXF1,1,FALSE
SWFCWLDQTS,PB.2910.4,15.94,15.94,1,PB.2910.4,15.94,1,SEC22C,TRUE,SEC22C,1,TRUE
TAGPPGTLWGTPR,PB.7779.1,14.92,14.92,1,PB.7779.1,14.92,1,ASB6,TRUE,ASB6,1,FALSE
TGTWCKPWEK,PB.9357.1,20.68,20.68,1,PB.9357.1,20.68,1,CHEK1,TRUE,CHEK1,1,FALSE
TNNCISESSLSFPK,PB.13338.4,17.97,17.97,1,PB.13338.4,17.97,1,C18orf54,TRUE,C18orf54,1,TRUE
TQKPNETDQK,PB.13447.2,23.73,23.73,1,PB.13447.2,23.73,1,CIRBP,TRUE,CIRBP,1,FALSE
TRPKPIITSVPK,PB.12095.3,111.89,111.89,1,PB.12095.3,111.89,1,CHTF8,TRUE,CHTF8,1,FALSE
VCGSVTPSSFGGK,PB.9357.1,20.68,20.68,1,PB.9357.1,20.68,1,CHEK1,TRUE,CHEK1,1,FALSE
VDVLVSEWMGTCLLVR,PB.15113.12,17.63,17.63,1,PB.15113.12,17.63,1,PRMT2,TRUE,PRMT2,1,FALSE
VENMSSNQDGNDSDEFM,PB.6813.5,49.5,49.5,1,PB.6813.5,49.5,1,CCDC25,TRUE,CCDC25,1,TRUE
VSIQTTSMTCF,PB.10680.3,14.92,14.92,1,PB.10680.3,14.92,1,KLHDC2,TRUE,KLHDC2,1,FALSE
VSTFCWFSATLGLLW,PB.12098.37,13.56,13.56,1,PB.12098.37,13.56,1,COG8,TRUE,COG8,1,FALSE
VVLMLLFICLGNMYLHGLR,PB.2910.5,15.26,15.26,1,PB.2910.5,15.26,1,SEC22C,TRUE,SEC22C,1,FALSE
YFGFDTNAEGCILQWK,PB.15520.5,25.09,25.09,1,PB.15520.5,25.09,1,ZBED1,TRUE,ZBED1,1,FALSE
YFVTSYYTCLK,PB.131.1,14.24,14.24,1,PB.131.1,14.24,1,FBXO44,TRUE,FBXO44,1,FALSE
YLWLAANNGVCDLSGQACWG,PB.4834.5,16.61,16.61,1,PB.4834.5,16.61,1,DELE1,TRUE,DELE1,1,FALSE
